ID,Password
1,FsDaGoH
2,AZI$6kq
3,BqtMWSw
4,U6BuC4S
5,GucG#wj
6,DTSxsCK
7,Fmny6Ke
8,O&O%3xj
9,CS33Qge
10,CeaM4qF
11,BKD0pgx
12,DJ1wvyG
13,DADx4YR
14,JXaSeHW
15,Ilo4NlZ
16,OMXJpuX
17,D9&l4%v
18,MFRQCuy
19,OT&TNnf
20,FTa@prP
21,XdLa77B
22,U$TJ6rq
23,MbCqUKI
24,G8bNt&C
25,TY9NI6O
26,A#ee#1P
27,T1IAtbP
28,PrBXa3v
29,A$Zmi8E
30,Z3gxR3p
31,CufBAVH
32,LjjNYpL
33,FpuFE6e
34,LIQG@j#
35,IlFglbI
36,XJ6@ECV
37,DpUwzn#
38,SYQIvst
39,A7aXPHM
40,YdTUNQA
41,XREBIu$
42,NVs%PcH
43,VKcN6Yq
44,Pcnu4qy
45,GWpHX7X
46,QK0R4v5
47,OazNtHs
48,XKIV1T0
49,Q6JO7lE
50,HqyQ8Xb
51,T33x6ha
52,DVJPwWl
53,AaLkBio
54,R4PRdE3
55,XV3Mwde
56,CtNRM$B
57,Y%B1sL2
58,X$H9jyA
59,U0VVNu0
60,Ee@8Muq
61,SEihdHW
62,W7##5j3
63,SxHJDUm
64,UkM&sRK
65,QcnDB&T
66,Zzpl5Zz
67,FIJB3TS
68,ZUdHa9m
69,D3iMJeC
70,MQGmsV@
71,Ic03yS@
72,FOYcG0C
73,MH2$4LN
74,OV4#Ctw
75,Lz&PpIe
76,B1nutlM
77,I6eH6Y9
78,Mm0r1Nh
79,M$8FRv4
80,SBfJInQ
81,BoUZvfD
82,UTepKU3
83,OCIlKqd
84,CTwn#hE
85,KD#ma#Y
86,V0oPdfS
87,QH3pVHi
88,DTdiTBj
89,Y9zaoZX
90,ZKSErh$
91,F&oukc2
92,MpMeups
93,N6Yo1@0
94,PFhup67
95,VeCnyoe
96,Kyf%6Au
97,PLmEPs#
98,FBEvy#5
99,TrL##9Z
100,OK%XUEr
